{
  "version": 1,
  "author": "Uri Shaked",
  "editor": "wokwi",
  "parts": [
    { "type": "wokwi-esp32-devkit-v1", "id": "esp", "top": -37.58, "left": -96.37, "attrs": {} },
    { "type": "wokwi-dht22", "id": "dht1", "top": -32.2, "left": 40.16, "attrs": {} }
  ],
  "connections": [
    [ "esp:TX0", "$serialMonitor:RX", "", [] ],
    [ "esp:RX0", "$serialMonitor:TX", "", [] ],
    [ "dht1:VCC", "esp:3V3", "red", [ "v0" ] ],
    [ "dht1:SDA", "esp:D15", "green", [ "v0" ] ],
    [ "dht1:GND", "esp:GND.1", "black", [ "v0" ] ]
  ]
}